EU868655.1	Euphausia_sp
EU868746.1	Euphausia_sp
JX403819.1	Euphausia_sp
JX403899.1	Euphausia_sp
JX403879.1	Stenopus_hispidus
JX403856.1	Stenopus_hispidus
FJ943443.1	Stenopus_hispidus
FJ943450.1	Stenopus_hispidus
FJ943457.1	Stenopus_hispidus
JX403877.1	Procaris_ascensionis
GQ487495.1	Procaris_ascensionis
GQ487503.1	Procaris_ascensionis
GQ487511.1	Procaris_ascensionis
GQ487521.1	Procaris_ascensionis
JX403874.1	Atyopsis_sp
EU868634.1	Atyopsis_sp
EU868724.1	Atyopsis_sp
JX403817.1	Atyopsis_sp
JX403897.1	Atyopsis_sp
JX403873.1	Latreutes_fucorum
EU868664.1	Latreutes_fucorum
EU868755.1	Latreutes_fucorum
JX403816.1	Latreutes_fucorum
JX403896.1	Latreutes_fucorum
JX403875.1	Ogyrides_nr_alphaerostris
EU868679.1	Ogyrides_nr_alphaerostris
EU868772.1	Ogyrides_nr_alphaerostris
JX403818.1	Ogyrides_nr_alphaerostris
JX403898.1	Ogyrides_nr_alphaerostris
JX403863.1	Aristaeomorpha_foliacea
GQ487491.1	Aristaeomorpha_foliacea
GQ487500.1	Aristaeomorpha_foliacea
GQ487508.1	Aristaeomorpha_foliacea
GQ487517.1	Aristaeomorpha_foliacea
JX403872.1	Aristaeopsis_edwardsiana
JX403854.1	Aristaeopsis_edwardsiana
JX403836.1	Aristaeopsis_edwardsiana
JX403815.1	Aristaeopsis_edwardsiana
JX403895.1	Aristaeopsis_edwardsiana
JX403884.1	Cerataspis_monstrosa
JX403860.1	Cerataspis_monstrosa
JX403842.1	Cerataspis_monstrosa
JX403824.1	Cerataspis_monstrosa
JX403904.1	Cerataspis_monstrosa
JX403865.1	Hemipenaeus_carpenteri
JX403847.1	Hemipenaeus_carpenteri
JX403829.1	Hemipenaeus_carpenteri
JX403808.1	Hemipenaeus_carpenteri
JX403889.1	Hemipenaeus_carpenteri
JX403876.1	Plesiopenaeus_armatus
JX403855.1	Plesiopenaeus_armatus
JX403837.1	Plesiopenaeus_armatus
JX403820.1	Plesiopenaeus_armatus
JX403900.1	Plesiopenaeus_armatus
JX403869.1	Bentheogennema_intermedia
JX403851.1	Bentheogennema_intermedia
JX403833.1	Bentheogennema_intermedia
JX403812.1	Bentheogennema_intermedia
JX403892.1	Bentheogennema_intermedia
JX403887.1	Benthesicymus_bartletti
JX403845.1	Benthesicymus_bartletti
JX403827.1	Benthesicymus_bartletti
JX403882.1	Gennadas_valens
JX403858.1	Gennadas_valens
JX403840.1	Gennadas_valens
JX403822.1	Gennadas_valens
JX403902.1	Gennadas_valens
JX403864.1	Farfantepenaeus_duorarum
JX403846.1	Farfantepenaeus_duorarum
JX403828.1	Farfantepenaeus_duorarum
JX403807.1	Farfantepenaeus_duorarum
JX403888.1	Farfantepenaeus_duorarum
JX403870.1	Funchalia_villosa
JX403852.1	Funchalia_villosa
JX403834.1	Funchalia_villosa
JX403813.1	Funchalia_villosa
JX403893.1	Funchalia_villosa
JX403886.1	Litopenaeus_setiferus
JX403862.1	Litopenaeus_setiferus
JX403844.1	Litopenaeus_setiferus
JX403826.1	Litopenaeus_setiferus
JX403906.1	Litopenaeus_setiferus
EU920908.1	Litopenaeus_vannamei
EU920934.1	Litopenaeus_vannamei
EU920969.1	Litopenaeus_vannamei
EU921005.1	Litopenaeus_vannamei__1
EU921006.1	Litopenaeus_vannamei__2
EU921075.1	Litopenaeus_vannamei
JX403868.1	Sicyonia_laevigata
JX403850.1	Sicyonia_laevigata
JX403832.1	Sicyonia_laevigata
JX403811.1	Sicyonia_laevigata
JX403907.1	Sicyonia_laevigata
JX403880.1	Sicyonia_ingentis
GQ487492.1	Sicyonia_ingentis
JX403838.1	Sicyonia_ingentis
GQ487518.1	Sicyonia_ingentis
JX403866.1	Hymenopenaeus_debilis
JX403848.1	Hymenopenaeus_debilis
JX403830.1	Hymenopenaeus_debilis
JX403809.1	Hymenopenaeus_debilis
JX403890.1	Hymenopenaeus_debilis
JX403867.1	Mesopenaeus_tropicalis
JX403849.1	Mesopenaeus_tropicalis
JX403831.1	Mesopenaeus_tropicalis
JX403810.1	Mesopenaeus_tropicalis
JX403891.1	Mesopenaeus_tropicalis
JX403881.1	Pleoticus_robustus
JX403857.1	Pleoticus_robustus
JX403839.1	Pleoticus_robustus
JX403821.1	Pleoticus_robustus
JX403901.1	Pleoticus_robustus
JX403871.1	Solenocera_necopina
JX403853.1	Solenocera_necopina
JX403835.1	Solenocera_necopina
JX403814.1	Solenocera_necopina
JX403894.1	Solenocera_necopina
JX403883.1	Sergia_hansjacobi
JX403859.1	Sergia_hansjacobi
JX403841.1	Sergia_hansjacobi
JX403823.1	Sergia_hansjacobi
JX403903.1	Sergia_hansjacobi
JX403878.1	Sergia_nr_robusta
EU868710.1	Sergia_nr_robusta
EU868807.1	Sergia_nr_robusta
GQ487509.1	Sergia_nr_robusta
GQ487519.1	Sergia_nr_robusta
JX403885.1	Deosergestes_corniculum
JX403861.1	Deosergestes_corniculum
JX403843.1	Deosergestes_corniculum
JX403825.1	Deosergestes_corniculum
JX403905.1	Deosergestes_corniculum
