taxon	role	voucher	12S	16S	18S	28S	H3
Euphausia_sp	outgroup	ULLZ8093	NA	EU868655.1	EU868746.1	JX403819.1	JX403899.1
Stenopus_hispidus	outgroup	KC4276	JX403879.1	JX403856.1	FJ943443.1	FJ943450.1	FJ943457.1
Procaris_ascensionis	outgroup	KC4274	JX403877.1	GQ487495.1	GQ487503.1	GQ487511.1	GQ487521.1
Atyopsis_sp	outgroup	ULLZ9174	JX403874.1	EU868634.1	EU868724.1	JX403817.1	JX403897.1
Latreutes_fucorum	outgroup	ULLZ9135	JX403873.1	EU868664.1	EU868755.1	JX403816.1	JX403896.1
Ogyrides_nr_alphaerostris	outgroup	ULLZ7755	JX403875.1	EU868679.1	EU868772.1	JX403818.1	JX403898.1
Aristaeomorpha_foliacea	ingroup	KC4280	JX403863.1	GQ487491.1	GQ487500.1	GQ487508.1	GQ487517.1
Aristaeopsis_edwardsiana	ingroup	ULLZ7726	JX403872.1	JX403854.1	JX403836.1	JX403815.1	JX403895.1
Cerataspis_monstrosa	ingroup	ULLZ11555	JX403884.1	JX403860.1	JX403842.1	JX403824.1	JX403904.1
Hemipenaeus_carpenteri	ingroup	ULLZ8551	JX403865.1	JX403847.1	JX403829.1	JX403808.1	JX403889.1
Plesiopenaeus_armatus	ingroup	ULLZ11940	JX403876.1	JX403855.1	JX403837.1	JX403820.1	JX403900.1
Bentheogennema_intermedia	ingroup	ULLZ6701	JX403869.1	JX403851.1	JX403833.1	JX403812.1	JX403892.1
Benthesicymus_bartletti	ingroup	ULLZ8036	JX403887.1	NA	JX403845.1	JX403827.1	NA
Gennadas_valens	ingroup	ULLZ11476	JX403882.1	JX403858.1	JX403840.1	JX403822.1	JX403902.1
Farfantepenaeus_duorarum	ingroup	ULLZ8365	JX403864.1	JX403846.1	JX403828.1	JX403807.1	JX403888.1
Funchalia_villosa	ingroup	ULLZ6700	JX403870.1	JX403852.1	JX403834.1	JX403813.1	JX403893.1
Litopenaeus_setiferus	ingroup	ULLZ11629	JX403886.1	JX403862.1	JX403844.1	JX403826.1	JX403906.1
Litopenaeus_vannamei	ingroup	KCpen	EU920908.1	EU920934.1	EU920969.1	EU921005.1,EU921006.1	EU921075.1
Sicyonia_laevigata	ingroup	ULLZ7192	JX403868.1	JX403850.1	JX403832.1	JX403811.1	JX403907.1
Sicyonia_ingentis	ingroup	KC4279	JX403880.1	GQ487492.1	JX403838.1	NA	GQ487518.1
Hymenopenaeus_debilis	ingroup	ULLZ8531	JX403866.1	JX403848.1	JX403830.1	JX403809.1	JX403890.1
Mesopenaeus_tropicalis	ingroup	ULLZ8364	JX403867.1	JX403849.1	JX403831.1	JX403810.1	JX403891.1
Pleoticus_robustus	ingroup	ULLZ10956	JX403881.1	JX403857.1	JX403839.1	JX403821.1	JX403901.1
Solenocera_necopina	ingroup	ULLZ6705	JX403871.1	JX403853.1	JX403835.1	JX403814.1	JX403894.1
Sergia_hansjacobi	ingroup	ULLZ11552	JX403883.1	JX403859.1	JX403841.1	JX403823.1	JX403903.1
Sergia_nr_robusta	ingroup	ULLZ8089	JX403878.1	EU868710.1	EU868807.1	GQ487509.1	GQ487519.1
Deosergestes_corniculum	ingroup	ULLZ11598	JX403885.1	JX403861.1	JX403843.1	JX403825.1	JX403905.1
