Euphausia_sp	Euphausia
Stenopus_hispidus	Stenopus hispidus
Procaris_ascensionis	Procaris ascensionis
Atyopsis_sp	Atyopsis
Latreutes_fucorum	Latreutes fucorum
Ogyrides_nr_alphaerostris	Ogyrides
Aristaeomorpha_foliacea	Aristaeomorpha foliacea
Aristaeopsis_edwardsiana	Aristaeopsis edwardsiana
Hemipenaeus_carpenteri	Hemipenaeus carpenteri
Plesiopenaeus_armatus	Plesiopenaeus armatus
Bentheogennema_intermedia	Bentheogennema intermedia
Benthesicymus_bartletti	Benthesicymus bartletti
Gennadas_valens	Gennadas valens
Farfantepenaeus_duorarum	Farfantepenaeus duorarum
Funchalia_villosa	Funchalia villosa
Litopenaeus_setiferus	Litopenaeus setiferus
Litopenaeus_vannamei	Litopenaeus vannamei
Sicyonia_laevigata	Sicyonia laevigata
Sicyonia_ingentis	Sicyonia ingentis
Hymenopenaeus_debilis	Hymenopenaeus debilis
Mesopenaeus_tropicalis	Mesopenaeus tropicalis
Pleoticus_robustus	Pleoticus robustus
Solenocera_necopina	Solenocera necopina
Sergia_hansjacobi	Sergia hansjacobi
Sergia_nr_robusta	Sergia
Deosergestes_corniculum	Deosergestes corniculum
